{
  "AD": [
    42.5,
    1.5
  ],
  "AE": [
    24.0,
    54.0
  ],
  "AF": [
    33.0,
    65.0
  ],
  "AG": [
    17.05,
    -61.8
  ],
  "AI": [
    18.25,
    -63.166667
  ],
  "AL": [
    41.0,
    20.0
  ],
  "AM": [
    40.0,
    45.0
  ],
  "AO": [
    -12.5,
    18.5
  ],
  "AQ": [
    -90.0,
    0.0
  ],
  "AR": [
    -34.0,
    -64.0
  ],
  "AS": [
    -14.333333,
    -170.0
  ],
  "AT": [
    47.333333,
    13.333333
  ],
  "AU": [
    -27.0,
    133.0
  ],
  "AW": [
    12.5,
    -69.966667
  ],
  "AX": [
    60.116667,
    19.9
  ],
  "AZ": [
    40.5,
    47.5
  ],
  "BA": [
    44.0,
    18.0
  ],
  "BB": [
    13.166667,
    -59.533333
  ],
  "BD": [
    24.0,
    90.0
  ],
  "BE": [
    50.833333,
    4.0
  ],
  "BF": [
    13.0,
    -2.0
  ],
  "BG": [
    43.0,
    25.0
  ],
  "BH": [
    26.0,
    50.55
  ],
  "BI": [
    -3.5,
    30.0
  ],
  "BJ": [
    9.5,
    2.25
  ],
  "BL": [
    18.5,
    -63.416667
  ],
  "BM": [
    32.333333,
    -64.75
  ],
  "BN": [
    4.5,
    114.666667
  ],
  "BO": [
    -17.0,
    -65.0
  ],
  "BQ": [
    12.18,
    -68.25
  ],
  "BR": [
    -10.0,
    -55.0
  ],
  "BS": [
    25.0343,
    -77.3963
  ],
  "BT": [
    27.5,
    90.5
  ],
  "BV": [
    -54.4208,
    3.3464
  ],
  "BW": [
    -22.0,
    24.0
  ],
  "BY": [
    53.0,
    28.0
  ],
  "BZ": [
    17.25,
    -88.75
  ],
  "CA": [
    60.0,
    -95.0
  ],
  "CC": [
    -12.1642,
    96.871
  ],
  "CD": [
    0.0,
    25.0
  ],
  "CF": [
    7.0,
    21.0
  ],
  "CG": [
    -1.0,
    15.0
  ],
  "CH": [
    47.0,
    8.0
  ],
  "CI": [
    8.0,
    -5.0
  ],
  "CK": [
    -21.233333,
    -159.766667
  ],
  "CL": [
    -30.0,
    -71.0
  ],
  "CM": [
    6.0,
    12.0
  ],
  "CN": [
    35.0,
    105.0
  ],
  "CO": [
    4.0,
    -72.0
  ],
  "CR": [
    10.0,
    -84.0
  ],
  "CU": [
    21.5,
    -80.0
  ],
  "CV": [
    16.5388,
    -23.0418
  ],
  "CW": [
    12.116667,
    -68.933333
  ],
  "CX": [
    -10.5,
    105.666667
  ],
  "CY": [
    35.0,
    33.0
  ],
  "CZ": [
    49.75,
    15.5
  ],
  "DE": [
    51.0,
    9.0
  ],
  "DJ": [
    11.5,
    43.0
  ],
  "DK": [
    56.0,
    10.0
  ],
  "DM": [
    15.416667,
    -61.333333
  ],
  "DO": [
    19.0,
    -70.666667
  ],
  "DZ": [
    28.0,
    3.0
  ],
  "EC": [
    -2.0,
    -77.5
  ],
  "EE": [
    59.0,
    26.0
  ],
  "EG": [
    27.0,
    30.0
  ],
  "EH": [
    24.5,
    -13.0
  ],
  "ER": [
    15.0,
    39.0
  ],
  "ES": [
    40.0,
    -4.0
  ],
  "ET": [
    8.0,
    38.0
  ],
  "EU": [
    50.8503,
    4.3517
  ],
  "FI": [
    64.0,
    26.0
  ],
  "FJ": [
    -17.7134,
    178.065
  ],
  "FK": [
    -51.75,
    -59.0
  ],
  "FM": [
    6.916667,
    158.25
  ],
  "FO": [
    62.0,
    -7.0
  ],
  "FR": [
    46.0,
    2.0
  ],
  "GA": [
    -1.0,
    11.75
  ],
  "GB": [
    54.0,
    -2.0
  ],
  "GD": [
    12.116667,
    -61.666667
  ],
  "GE": [
    42.0,
    43.5
  ],
  "GF": [
    4.0,
    -53.0
  ],
  "GG": [
    49.466667,
    -2.583333
  ],
  "GH": [
    8.0,
    -2.0
  ],
  "GI": [
    36.133333,
    -5.35
  ],
  "GL": [
    72.0,
    -40.0
  ],
  "GM": [
    13.466667,
    -16.566667
  ],
  "GN": [
    11.0,
    -10.0
  ],
  "GP": [
    16.25,
    -61.583333
  ],
  "GQ": [
    2.0,
    10.0
  ],
  "GR": [
    39.0,
    22.0
  ],
  "GS": [
    -54.5,
    -37.0
  ],
  "GT": [
    15.5,
    -90.25
  ],
  "GU": [
    13.466667,
    144.783333
  ],
  "GW": [
    12.0,
    -15.0
  ],
  "GY": [
    5.0,
    -59.0
  ],
  "HK": [
    22.267,
    114.188
  ],
  "HM": [
    -53.0818,
    73.5042
  ],
  "HN": [
    15.0,
    -86.5
  ],
  "HR": [
    45.166667,
    15.5
  ],
  "HT": [
    19.0,
    -72.416667
  ],
  "HU": [
    47.0,
    20.0
  ],
  "ID": [
    -5.0,
    120.0
  ],
  "IE": [
    53.0,
    -8.0
  ],
  "IL": [
    31.47,
    35.13
  ],
  "IM": [
    54.25,
    -4.5
  ],
  "IN": [
    20.0,
    77.0
  ],
  "IO": [
    -6.0,
    71.5
  ],
  "IQ": [
    33.0,
    44.0
  ],
  "IR": [
    32.0,
    53.0
  ],
  "IS": [
    65.0,
    -18.0
  ],
  "IT": [
    42.833333,
    12.833333
  ],
  "JE": [
    49.25,
    -2.166667
  ],
  "JM": [
    18.25,
    -77.5
  ],
  "JO": [
    31.0,
    36.0
  ],
  "JP": [
    36.0,
    138.0
  ],
  "KE": [
    1.0,
    38.0
  ],
  "KG": [
    41.0,
    75.0
  ],
  "KH": [
    13.0,
    105.0
  ],
  "KI": [
    1.416667,
    173.0
  ],
  "KM": [
    -12.166667,
    44.25
  ],
  "KN": [
    17.333333,
    -62.75
  ],
  "KP": [
    40.0,
    127.0
  ],
  "KR": [
    37.0,
    127.5
  ],
  "KW": [
    29.5,
    45.75
  ],
  "KY": [
    19.3133,
    -81.2546
  ],
  "KZ": [
    48.0196,
    66.9237
  ],
  "LA": [
    18.0,
    105.0
  ],
  "LB": [
    33.833333,
    35.833333
  ],
  "LC": [
    13.883333,
    -60.966667
  ],
  "LI": [
    47.266667,
    9.533333
  ],
  "LK": [
    7.0,
    81.0
  ],
  "LR": [
    6.5,
    -9.5
  ],
  "LS": [
    -29.5,
    28.5
  ],
  "LT": [
    56.0,
    24.0
  ],
  "LU": [
    49.75,
    6.166667
  ],
  "LV": [
    57.0,
    25.0
  ],
  "LY": [
    25.0,
    17.0
  ],
  "MA": [
    32.0,
    -5.0
  ],
  "MC": [
    43.733333,
    7.4
  ],
  "MD": [
    47.0,
    29.0
  ],
  "ME": [
    42.5,
    19.3
  ],
  "MF": [
    18.0708,
    -63.0501
  ],
  "MG": [
    -20.0,
    47.0
  ],
  "MH": [
    9.0,
    168.0
  ],
  "MK": [
    41.833333,
    22.0
  ],
  "ML": [
    17.0,
    -4.0
  ],
  "MM": [
    22.0,
    98.0
  ],
  "MN": [
    46.0,
    105.0
  ],
  "MO": [
    22.166667,
    113.55
  ],
  "MP": [
    15.2,
    145.75
  ],
  "MQ": [
    14.666667,
    -61.0
  ],
  "MR": [
    20.0,
    -12.0
  ],
  "MS": [
    16.75,
    -62.2
  ],
  "MT": [
    35.9375,
    14.3754
  ],
  "MU": [
    -20.283333,
    57.55
  ],
  "MV": [
    3.25,
    73.0
  ],
  "MW": [
    -13.5,
    34.0
  ],
  "MX": [
    23.0,
    -102.0
  ],
  "MY": [
    2.5,
    112.5
  ],
  "MZ": [
    -18.25,
    35.0
  ],
  "NA": [
    -22.0,
    17.0
  ],
  "NC": [
    -21.5,
    165.5
  ],
  "NE": [
    16.0,
    8.0
  ],
  "NF": [
    -29.033333,
    167.95
  ],
  "NG": [
    10.0,
    8.0
  ],
  "NI": [
    13.0,
    -85.0
  ],
  "NL": [
    52.5,
    5.75
  ],
  "NO": [
    62.0,
    10.0
  ],
  "NP": [
    28.0,
    84.0
  ],
  "NR": [
    -0.533333,
    166.916667
  ],
  "NU": [
    -19.033333,
    -169.866667
  ],
  "NZ": [
    -41.0,
    174.0
  ],
  "OM": [
    21.0,
    57.0
  ],
  "PA": [
    9.0,
    -80.0
  ],
  "PE": [
    -10.0,
    -76.0
  ],
  "PF": [
    -17.6797,
    -149.4068
  ],
  "PG": [
    -6.0,
    147.0
  ],
  "PH": [
    13.0,
    122.0
  ],
  "PK": [
    30.0,
    70.0
  ],
  "PL": [
    52.0,
    20.0
  ],
  "PM": [
    46.833333,
    -56.333333
  ],
  "PN": [
    -25.066667,
    -130.1
  ],
  "PR": [
    18.25,
    -66.5
  ],
  "PS": [
    31.9,
    35.2
  ],
  "PT": [
    39.5,
    -8.0
  ],
  "PW": [
    7.5,
    134.5
  ],
  "PY": [
    -23.0,
    -58.0
  ],
  "QA": [
    25.5,
    51.25
  ],
  "RE": [
    -21.15,
    55.5
  ],
  "RO": [
    46.0,
    25.0
  ],
  "RS": [
    44.0,
    21.0
  ],
  "RU": [
    60.0,
    100.0
  ],
  "RW": [
    -2.0,
    30.0
  ],
  "SA": [
    25.0,
    45.0
  ],
  "SB": [
    -8.0,
    159.0
  ],
  "SC": [
    -4.583333,
    55.666667
  ],
  "SD": [
    15.0,
    30.0
  ],
  "SE": [
    62.0,
    15.0
  ],
  "SG": [
    1.366667,
    103.8
  ],
  "SH": [
    -15.95,
    -5.72
  ],
  "SI": [
    46.116667,
    14.816667
  ],
  "SJ": [
    78.0,
    20.0
  ],
  "SK": [
    48.666667,
    19.5
  ],
  "SL": [
    8.5,
    -11.5
  ],
  "SM": [
    43.766667,
    12.416667
  ],
  "SN": [
    14.0,
    -14.0
  ],
  "SO": [
    10.0,
    49.0
  ],
  "SR": [
    4.0,
    -56.0
  ],
  "SS": [
    7.0,
    30.0
  ],
  "ST": [
    1.0,
    7.0
  ],
  "SV": [
    13.833333,
    -88.916667
  ],
  "SX": [
    18.033333,
    -63.05
  ],
  "SY": [
    35.0,
    38.0
  ],
  "SZ": [
    -26.5,
    31.5
  ],
  "TC": [
    21.75,
    -71.583333
  ],
  "TD": [
    15.0,
    19.0
  ],
  "TF": [
    -49.25,
    69.167
  ],
  "TG": [
    8.0,
    1.166667
  ],